{
  "builtin_entity_scope": [
    "snips/temperature"
  ],
  "config": {
    "unit_name": "tfidf_vectorizer",
    "use_stemming": false,
    "word_clusters_name": null
  },
  "language_code": "en",
  "vectorizer": {
    "idf_diag": [
      3.3088156427446815,
      4.13549421592915,
      4.13549421592915,
      4.001962823304627,
      2.615668462184736,
      3.6835090921860925,
      2.038353097149913,
      4.13549421592915,
      4.13549421592915,
      4.289644895756409,
      3.4423470353692043,
      2.4438182052580775,
      4.289644895756409,
      4.289644895756409,
      3.03688192726104,
      3.03688192726104,
      4.289644895756409,
      4.289644895756409,
      4.289644895756409,
      4.13549421592915,
      2.9033505346365174,
      3.248191020928247,
      3.5964977151964628,
      3.8841797876482436,
      2.647417160499317,
      3.6835090921860925,
      3.03688192726104,
      3.5964977151964628,
      4.13549421592915,
      3.3088156427446815,
      3.3088156427446815,
      1.570544858467613,
      2.9033505346365174,
      3.248191020928247,
      4.289644895756409,
      4.289644895756409,
      4.13549421592915,
      4.289644895756409,
      3.1369653858180224
    ],
    "vocab": {
      "?": 0,
      "backyard": 1,
      "bathroom": 2,
      "bedroom": 3,
      "builtinentityfeaturesnipstemperature": 4,
      "can": 5,
      "entityfeatureroom": 6,
      "entrance": 7,
      "garden": 8,
      "give": 9,
      "i": 10,
      "in": 11,
      "increase": 12,
      "kitchen": 13,
      "light": 14,
      "lights": 15,
      "living": 16,
      "lounge": 17,
      "main": 18,
      "me": 19,
      "of": 20,
      "off": 21,
      "on": 22,
      "out": 23,
      "please": 24,
      "room": 25,
      "s": 26,
      "set": 27,
      "some": 28,
      "switch": 29,
      "temperature": 30,
      "the": 31,
      "to": 32,
      "turn": 33,
      "up": 34,
      "want": 35,
      "will": 36,
      "yard": 37,
      "you": 38
    }
  }
}